,0,1,2,3,4
0,-4.8304035424579705,-4.483912286358829,-0.3473911341905712,-2.1130929301548056,-6.566743694803418
1,-5.238864421329344,-5.198554167105168,0.5321965258575628,-1.777452712071691,-7.252209695918706
2,-5.179795623246688,-4.042095689370805,-0.003113199620861989,-2.4781173213338716,-5.959417162185745
3,-5.118529436054636,-5.061064269957182,-0.5495320742549091,-2.547365168896257,-5.96442670704024
4,-5.586627688157197,-5.1785574430079535,-0.16772184551527977,-2.350400491466731,-6.451332474070344
5,-5.6542740326650565,-4.93395329422226,-0.5275164441149475,-1.7124656415383308,-6.830401735354241
6,-4.146117932671213,-5.081122931868541,0.03739951509206689,-2.6616359499626503,-6.64288098049993
7,-5.838327924781511,-4.981491719349882,0.033750517718618187,-0.7176408006132786,-6.466870100627901
8,-4.483426343610467,-5.422928509022643,0.7050325682161546,-2.6501873882520623,-6.077261071337204
9,-3.7837145042270013,-5.463502944190618,-0.279513452053281,-1.899436174312101,-6.622427445295439
10,-4.413302257573891,-5.387843543236593,-0.15097077517750232,-1.7836301411541398,-5.8829170546761596
11,-4.996010795606581,-4.178628373871578,0.38735277732455936,-2.183999049823398,-6.099409596444357
12,-4.698244514377784,-4.199216498392289,-0.014277606806870798,-1.1669400289489187,-7.6805621702822116
13,-5.1298208389242586,-4.510533722774237,0.1680109675779472,-2.2141419587394413,-6.114055901680661
14,-4.509709027134285,-4.882550641030289,-0.05418872844601529,-2.099813704650566,-7.109950613421053
15,-4.2008223028465785,-5.004239842415441,0.505401861694117,-1.7684438443321047,-6.693249495539901
16,-4.467991064944378,-4.924711247506188,-0.14586826248482873,-1.9033814685881705,-7.364474075537785
17,-5.110651163538222,-5.201099658410402,0.12461654853112203,-2.9059019791848204,-7.233148534493855
18,-4.765212349829926,-4.31466340448406,-0.8001062045325088,-1.8569449275897696,-6.240748221113128
19,-4.823481022277058,-5.543731570336425,0.19148442192094095,-2.249581201815324,-6.5165364931339775
20,-5.1600860817524765,-5.474650341792485,0.1607590790457419,-2.403273894616527,-7.076841468904985
21,-5.489364142117502,-4.863802984122896,-0.9761996491917828,-2.613354881305137,-6.272259000302777
22,-4.988778261050746,-4.7896784958694,0.742582435118863,-2.2083969659927454,-6.774936419683933
23,-4.716900332434593,-5.160775921833432,-0.3348255874048744,-1.6434237124354878,-5.855189856989364
24,-5.61069979119805,-4.820174643092986,0.13416304883804964,-1.9467051285346912,-6.4879831849249125
25,-4.10397511462322,-5.359861427793392,-0.15739534535473282,-1.5425032481710867,-6.986121776454317
26,-4.630585240626374,-5.037366932210866,0.3274796817984512,-1.187746928651909,-6.487766305599007
27,-4.488030881243335,-5.586710137064315,-0.6565928937940332,-1.6882910740474728,-6.222197281620746
28,-4.676916888724721,-4.025141831020009,0.09092431916402445,-1.8204866614945394,-6.407912576120423
29,-4.728168645965184,-4.985590666477895,-0.580703606061661,-1.3778504495984114,-5.994723101893952
30,-9.609905603623572,7.9962184253838675,6.780908625214789,-4.248983797496597,-3.7613577929114537
31,-9.789936026106911,7.767798941453844,4.283057730972118,-4.3555353726690385,-4.048748349817636
32,-9.287500789575974,7.328353423054988,5.33623094450959,-4.3280385893749305,-3.918110533004508
33,-10.581869268059993,7.518672338882352,4.919913168530475,-3.813792408310122,-5.047071688591473
34,-9.903213035408113,7.315297723196641,4.097119267544497,-4.7576865288766905,-3.900941215840017
35,-10.402244828110232,7.979930789852436,4.742811487224504,-4.177428805797134,-4.092521800714981
36,-9.389797697333075,8.064390207883743,4.696908257567256,-4.1549444425965465,-4.7155532202705395
37,-8.918402087752701,7.616000524229409,4.477674797708684,-4.979186267655941,-4.7370457554844725
38,-10.40567096804433,7.381042727600859,5.194341754354767,-4.8996123687017485,-4.220911318210765
39,-10.193463195366531,8.621421702371393,5.057033735367907,-5.164871030010702,-3.870209639474365
40,-9.759751707014575,7.1158251928748495,4.94113334281302,-4.341770362978761,-4.77106933110232
41,-9.844012659127769,7.412894408427936,5.926514924550092,-4.217469541684174,-5.3417119063305565
42,-9.493151776518046,8.043879714947575,4.844092082905355,-4.475765361188789,-3.690308165107541
43,-10.161480957551781,8.163495630741355,5.033050622869952,-4.880883850473507,-3.879340675285128
44,-9.572639975837388,7.87919051609836,4.543193119977132,-4.638490178021818,-4.575641080331169
45,-11.487432249114212,7.226500761563699,4.728258804190849,-5.158320643825604,-3.5129349610359357
46,-9.98520788244968,7.496012808316292,4.89547994958059,-3.3770997695064255,-5.262773209297627
47,-9.140031540501017,7.606366165611866,6.2146274631822385,-4.221595378960677,-4.7577193912098945
48,-10.166907017659073,7.7735956247258535,4.661886081456549,-4.477670380217556,-3.99807527574123
49,-8.80572048057336,8.254927212506416,4.094857896910423,-4.776546089276305,-3.695685038408442
50,-10.162584273497592,8.012243272815862,4.753446553670482,-4.64326965445679,-3.779752187008158
51,-9.773571421694962,7.4078013498466495,5.280759547285541,-4.9306894220595305,-4.386508833735203
52,-10.220633311889067,7.960604296303958,5.241859906602097,-4.997894288632222,-4.358903291032653
53,-9.713148818641372,8.145125641650324,5.169357300849235,-4.948926558304216,-4.609231133100238
54,-9.614304939589447,8.171572179315904,4.254394676359541,-4.701679670763654,-4.566613268582231
55,-9.325272957492038,8.265595608248296,4.165708195908883,-5.003341572800741,-4.071622979397423
56,-9.905349433786728,7.909270569639165,4.992888279552439,-4.120837428325168,-4.322639667062799
57,-9.073790171007,7.119786832817419,5.921059567215562,-5.510472952604431,-4.405033160519545
58,-9.285216703002195,7.743811112740637,4.363788554363453,-4.303377315711544,-4.229610765215018
59,-9.523668483892418,6.932336646636018,4.618576946992713,-3.989953754359497,-4.297000603454022
60,-7.1594116586390415,9.46694127012932,8.74234671204388,-9.918354595378254,-5.014621930616333
61,-6.4035848431633955,9.219975910335421,9.481603775206622,-9.36014746777652,-4.446331120528978
62,-6.514885807883708,9.29007791034653,9.196674160778915,-9.337763446713536,-5.3312571352380695
63,-7.580951587107008,8.282510122420055,8.732940788889064,-10.062401773345941,-5.055450006057048
64,-7.729882450127913,9.382360263671822,8.657237443973388,-9.195275575860217,-5.204175590046221
65,-7.815065479076295,9.273268242064312,9.055966115585393,-9.42561602553972,-4.774839460250707
66,-7.7637169946750495,9.687483714574178,9.525030543154239,-10.56220518578065,-5.722276155628039
67,-6.7021998276349635,9.740289331556427,9.307878208255522,-9.368662687936954,-5.136770285718609
68,-8.300871353265048,9.20975456735268,9.354589427627426,-8.93165691652108,-5.093599509085264
69,-6.974171914363285,9.723211839598612,8.730567725924182,-9.970744562891433,-5.268172747870974
70,-7.032256118762272,10.07002978847248,9.475453712772048,-8.606244213813316,-5.514320680739177
71,-8.00529743513366,8.64072609738668,8.636596189103226,-9.789559018425017,-4.97519311649615
72,-6.803684104134378,8.851594961407187,9.247841557488368,-9.947964251755314,-5.5270833154263235
73,-7.169209023479789,9.350754184965856,9.04465634900386,-10.069340334496827,-5.11839181216568
74,-7.5809427758618835,9.34707983443405,9.019308596611816,-9.907868178308716,-4.819221933121402
75,-7.0979561413365735,8.87451809141128,8.738884841061099,-10.21244220351357,-5.161986447931738
76,-6.543577155910222,9.773287796175968,8.915849034747731,-9.692343546520437,-5.631911581614056
77,-7.8435763103039315,8.577400899207147,9.6346567106787,-9.516678436579298,-5.5048901675734285
78,-7.1103772764964175,10.282543404182903,9.47103021882247,-9.971287270400294,-5.57985423496933
79,-7.263623488399133,8.994595230578666,9.102808255096555,-9.738999467414509,-5.241131699061763
80,-6.845094946024658,9.436128987444135,10.090719766338282,-10.086984585246668,-5.55050782038554
81,-8.43221584675279,8.586862453475682,9.679255433451708,-8.860351585818451,-5.255164919073341
82,-6.466947491599352,8.654407255467513,8.144127080051867,-9.710609292017402,-4.938614174825498
83,-8.137822528930435,10.021394171657665,8.938548377103135,-9.063927286582363,-5.927860728692336
84,-7.694003862781253,9.183765063748462,9.202284026867257,-9.964697718971081,-5.541757097078367
85,-7.290511832381192,9.200128665114889,9.15717757989849,-10.096450914345255,-4.870973642174565
86,-6.505679276623736,9.402295301721388,9.585466891761358,-9.64907620186404,-4.100272936854158
87,-7.297602638432044,8.31073693455502,8.95125827997305,-10.33507019282152,-4.795810624880133
88,-7.3347704443622765,8.826836823365271,8.718993647055854,-10.281774388863518,-4.148284332836957
89,-7.035295678631744,8.684341381064637,9.911547682656622,-9.093115382208449,-5.365234725347504
90,-2.431952985729922,8.24249765589961,3.8111065302087126,0.9411994031916496,-6.465960005515229
91,-3.666859091639248,9.363867514712606,2.4056308627908987,1.0534761176750247,-7.852218515491749
92,-2.722766827658732,9.518446084993267,1.3395807001580275,1.911997206210221,-7.643698247013795
93,-2.4491199715433964,9.188180465372936,3.4003388352273975,1.1193417738873717,-6.43007324132696
94,-3.397539986198598,9.384461414433684,1.823400799626886,1.8551778109273636,-7.058442948737346
95,-3.3541711092390694,10.310517571339368,2.20054931784206,1.0499920337003759,-6.63347660372111
96,-3.159870438226843,9.316358719293206,3.3262310621015088,1.8963125610673703,-5.7201751034730295
97,-3.3161190825309217,8.677815921824273,2.6050616616703723,0.8552716945003003,-6.062318722506424
98,-2.942465903530392,9.405230153666317,2.7514024458233037,1.5380192425520185,-6.394259957075988
99,-2.3206644658579965,9.35536889744675,3.2942719538861835,1.6416344861098213,-6.3528567820161825
100,-2.349392039643352,9.458994330501529,1.3329600556504728,0.012064968686459343,-5.997002347860218
101,-1.2606410052191743,9.206698737558533,1.216290936215744,0.9638264771690024,-6.048024024951929
102,-2.6221041027730685,9.437479736082366,2.8447373756451415,1.0843335544760058,-6.379192830708115
103,-3.60940019322273,8.547645686476583,2.615755193954931,1.576469316101815,-6.7188570282762905
104,-3.0239244339343907,8.902917818149284,2.4768770645552656,2.077067132121562,-6.916380671281363
105,-2.543805128173387,9.970224682595017,2.915206649972283,2.0427845906417557,-6.912430001674945
106,-3.0690782612382024,9.344933521009713,2.8294564258653594,0.5110334026786051,-6.8502654852019855
107,-3.02275395426098,8.060228674655118,3.1743059659617807,0.5027670630610793,-5.426580830531255
108,-3.069602020025198,9.156906414952722,2.4073008112137444,1.313082673061384,-7.310378520009348
109,-3.161571515971292,8.867883813764584,2.7121762638421596,0.9619515012892116,-7.330715503355178
110,-2.7786080925883323,9.497704534534718,2.5081556393127658,1.597560552344578,-7.555679376070341
111,-3.6875917147834487,8.813046897234255,2.883716050125749,1.2629234783444676,-6.27931878825488
112,-1.8482034706576513,9.47462770935605,3.2865537673474,0.5677028264067814,-7.053374100183425
113,-2.539754165298523,8.80037212321539,2.0451358669097335,1.2796474382980492,-6.187351573078521
114,-2.9715459492126057,9.082839758351477,2.9064652374493165,1.576859222278736,-6.732489166596341
115,-3.2218470686957987,8.046178277825549,3.501260635329389,2.148591660995425,-6.399935272819979
116,-2.7175975802455454,7.993176981376552,2.840660921929956,2.285194737699528,-7.180062361217933
117,-2.7092712841031803,8.756426727144833,2.9557003626531673,0.8203616724677003,-7.040798190181937
118,-2.5275710703079777,8.708186371235058,3.4262467226317175,1.2895732318301742,-6.819979625040138
119,-2.2405010439392794,8.675146612986076,2.061817109385884,1.4128980833410685,-6.719615381830655
120,-5.431151970146428,-2.2705725274581625,0.1933496854059809,-0.888430751556762,-3.9210469191703203
121,-4.827837820824799,-4.171358177073197,0.2700671134250374,-0.8204544012508891,-3.4855307332058287
122,-3.8195672622840093,-4.81403059072073,0.13535854710840545,-0.06263601080949677,-4.708974731660177
123,-4.10201963096711,-2.9169599767069965,-0.39764227264394564,-1.1382505277368746,-5.215608704399848
124,-3.9858709839643707,-3.076218135844285,0.34356255454742035,-0.18879688812074846,-3.5646741990403306
125,-4.89777965912671,-3.5772012842977117,-0.2416692620085363,-1.2166966429785746,-2.726812138537342
126,-5.440710381426822,-3.0935867932075474,0.09631290095559458,-0.6246366397262846,-4.361613847708139
127,-4.748644332785952,-3.5599332591207147,-0.8282772987224721,-0.8929166049390325,-4.158362007640711
128,-5.72614586736959,-2.0240121221520804,0.4963469885882771,-0.600160264268578,-4.17911976791636
129,-4.4774112812028655,-3.3357492615025395,0.558817215221561,-0.3707143865570167,-3.4048982123114935
130,-4.788312450239646,-3.409242808115002,-1.0049369382086923,-1.4454501172719048,-3.524628370546312
131,-3.587867456243254,-3.3821995475559254,0.2071463450218758,-1.6312072579111017,-4.6718713140620824
132,-5.32527668576765,-3.6027588386994345,-0.7091438697832022,-0.28334410290538103,-4.127802187638267
133,-4.830070009086883,-3.2797921817349485,-0.280235915330355,-1.2583424852656293,-4.090524191759271
134,-4.366201480622768,-3.7570480730973923,0.17534636729216785,-0.7716922171156002,-4.207317035840463
135,-5.412095962887733,-2.9998073008050343,-0.3489431115284088,0.5577810105108902,-3.436711780855041
136,-5.5747856892512235,-3.3494150877550455,-0.18151179466713552,-0.47486029853075384,-4.269862166915248
137,-4.830237561331227,-2.7200797057205772,-0.5472653412405427,-1.518591379567304,-4.524592400804471
138,-5.193526083082985,-3.922387055291391,0.6274710156501385,-0.03968584409875975,-3.4540881847847347
139,-4.885202711693411,-3.533299212405289,0.11269602112292931,-0.6535053681593859,-3.6557835090362385
140,-3.8095721955107957,-4.056039232141253,-0.964084586586559,0.23629071038064142,-4.381940437312048
141,-5.298427584734932,-2.5165533431537472,-0.3099360533383691,-1.0405984316088832,-4.484617820762087
142,-4.2772300753248595,-3.0370686970548872,-0.1343521388844929,-0.1561935237056138,-3.7661090141708597
143,-4.251324780629881,-3.3595054607364956,-0.42792018696866696,-0.07905518659795596,-4.841062687115977
144,-4.208320811096067,-3.4858764016251045,-0.021939028650240333,-1.468591897775268,-4.091747861387381
145,-4.291876816497855,-3.2631209435051503,0.7216865383512354,-0.34861092487285655,-3.9571527521465812
146,-4.898483013380815,-2.7659825014448973,-0.30362995653684,0.08838033611762786,-4.104149084073211
147,-4.938935778422999,-3.416354236831609,-0.16598648033157412,-0.22397207376250083,-4.171458529933408
148,-3.863273623598354,-3.251994661057103,-0.9365461654824628,0.11582175301373299,-4.457688246723387
149,-5.3167115608125215,-3.3671621567258225,-0.3914797507102902,-0.3343007706973455,-4.176984202526254
150,-2.800794233598938,9.166787134965574,3.0123442454453757,-0.4568561312745873,-4.958892597349067
151,-4.589805314335535,9.676862000183258,3.361068827052813,0.10093976394186943,-4.53656971581503
152,-3.9301837187036504,9.840159005885488,3.2329748758026713,0.5747727396625313,-5.019350188798574
153,-3.254691702889355,10.383595963638992,2.9714483777040916,-0.33913664803019716,-4.538221342406487
154,-4.6542140156496075,10.207539429127861,3.2367671337500004,0.4133620477318587,-4.509791364580087
155,-5.240383966868864,8.69370571534837,3.6580500510184333,0.24761421126321098,-4.468425256876457
156,-4.347137867207644,10.080165392645007,3.988094846941212,-0.43065901493694325,-5.097331824321054
157,-3.703343714575055,9.43606919520154,4.201161220970118,-0.6803282512252814,-5.443916623231309
158,-3.9351397419762066,9.262440319815967,3.3748877193954385,0.3915300068676809,-5.194411687474469
159,-3.4951069587598087,10.070304922314069,3.9689222184650483,0.1790690757326162,-4.764713077927366
160,-3.839838366022125,10.268419141708401,3.244967592409791,-0.4228856314088043,-3.7405755030486443
161,-3.8000676939774936,9.770540767207333,3.501697002954942,0.17607551187156684,-4.016577772702724
162,-4.752451253762508,8.386254148781191,3.497849947972951,-0.3963129802385107,-5.191770446334296
163,-4.527621323923781,9.977818326329523,3.1708483008335304,-0.1700177228884216,-4.3437442916856375
164,-3.127974087098978,9.46557815176906,2.562455171887261,-0.08123366060681048,-5.02167986650638
165,-3.9165503277349365,9.477445679054856,3.872039359670327,1.1181803448746057,-4.9465884242291
166,-4.530514686930419,9.101758344539167,3.260500279252894,-0.028178501793944738,-3.905903791361901
167,-3.655317520540775,9.80839921766177,4.359470084599015,-0.29917498553870553,-4.57157887393697
168,-4.014071892086977,10.12488305839488,3.3733922569562362,-0.12206759398413071,-5.361082108258899
169,-3.955087460337724,10.08891161034541,2.8693748874526666,0.03905078637424547,-4.87782344393262
170,-4.208090348947915,9.780984542437386,3.832194513237739,0.2649552225364769,-4.427517022215291
171,-3.903752461699008,10.274383766972969,3.2301949567528085,-0.0057751051770355,-4.37720578291067
172,-3.6081225290600236,9.159345137440036,3.0547510063388947,-1.0900562335349706,-4.907307197393478
173,-4.374398338495007,9.462864118913483,3.3995124476076306,-0.26590389699037004,-4.505126339511791
174,-3.9619594664809474,9.135596719621645,3.875366037408706,-0.9068793204540925,-4.960614961404733
175,-3.674266079904709,9.60755748397683,2.9958034075779207,-0.7854380673976523,-4.244925373628867
176,-4.2731640248134966,10.007737565625767,3.6187884677594404,0.7780677948058117,-4.389189945105957
177,-3.8612159085608733,9.814929263427647,4.28294499232946,-0.2337594818092298,-5.080302660038166
178,-4.718103917561649,9.120192107120271,3.2612792365093863,0.7519930636966887,-4.9399596872870255
179,-3.7927365253611836,9.209545604950746,3.59430863182404,-0.04382435763655526,-5.439026095267556
180,-6.366756963444706,-11.703817063375832,4.494094981881742,2.531527427263054,4.22520690861372
181,-6.429051762034549,-12.440371177923698,5.86776992165262,2.841096675989518,5.1215203095601805
182,-6.5583716715588665,-11.82471566721701,4.522014925310919,3.0905941624679243,4.885674806472809
183,-6.803901358983766,-12.450175655077642,5.146158526874362,2.1492807250072805,5.445028764210882
184,-6.730166198257726,-11.166237889742344,5.678360547394049,2.261831059838388,5.653058385652224
185,-6.039632426575212,-10.94207282475297,5.229228551660527,2.2245638360964204,5.790534013836226
186,-6.334746870657162,-12.067683398192488,5.319191403074806,2.206635862271084,4.66189194808939
187,-5.844658408912641,-13.082753838947125,5.520528276198515,2.2639290908695724,4.90117546631401
188,-6.182752283201456,-10.225399228222313,5.5049451604722215,3.6143778405972915,5.475260627035992
189,-6.863732455268041,-11.829255024023709,5.3178466688332255,2.6518261534324163,5.010702994469133
190,-6.933156296397623,-11.525119369143265,5.631240946113476,1.9125555465631159,5.039932955820566
191,-6.3801161048120365,-11.524325060212078,5.43038853083699,2.1877891774431237,5.359474158051745
192,-7.373548530903015,-11.312328210291748,5.1639900889726835,2.4206875796825242,4.966982141190705
193,-6.734520272615909,-10.571135984897106,5.656948482614569,3.305864225531975,5.944890640650779
194,-6.241673413288963,-10.99415644147597,5.182092094875333,3.3994203382802297,4.490360032983158
195,-7.323111951188222,-12.596195438105346,5.934089572191772,3.064936376350051,5.358029372704226
196,-6.800670586839242,-10.882261049024361,5.4181978629793095,2.862310443348078,5.010926955053117
197,-6.000040813517461,-12.416443175417216,4.556853930894951,2.940755531566588,5.205745676962514
198,-6.544692273656927,-12.396503765179197,5.645868328097849,2.4130609640545186,4.821869809707133
199,-6.666784125063998,-12.20159468900058,6.102371815175307,3.2198406328486655,4.926282632519852
200,-6.313818645789047,-12.776538614185428,4.909557264881367,2.310817314644131,4.584302336071492
201,-6.250756150134625,-12.267216266386301,5.507189376104275,2.3839824377999386,6.119999530180755
202,-6.60823965817176,-11.964415533562272,6.086106741375271,3.13784378511183,5.569043353896389
203,-6.190944064072026,-11.358240508597518,6.23893018456451,1.8225789705147302,5.0491477304163235
204,-7.010313231133581,-11.565762732916179,6.42611898605565,1.687632105481283,4.620900542173611
205,-7.007367775532044,-10.969853690786303,6.317078217381965,2.2110244203342004,5.303028212295106
206,-6.612693862768564,-11.526438081935297,5.523015845888017,2.8332620858000164,5.706042946394083
207,-6.192162992070062,-12.136476917433713,6.1597380770034444,1.5473827527233428,4.576358882672681
208,-6.946888836897775,-11.853042869686591,5.8290181348321966,2.0219404811218453,4.293058815212302
209,-5.875241700332676,-12.544707305310592,5.761807676630357,2.95019071447971,5.5488310302781905
210,-8.832908375345072,10.951713249474668,6.850863212560346,-7.216243612661015,-5.506700455151973
211,-9.320637302916479,11.277079002207714,6.840891014146844,-6.3194466092693204,-6.101631323340129
212,-9.997987079065307,10.110090532280378,7.124172801901132,-6.800509357390519,-6.30600705275225
213,-9.989607336235812,10.804728777229439,6.811786629975563,-6.704168032846012,-6.132316397848562
214,-9.420806645333183,11.82680964049316,7.302448212309029,-6.640659314842741,-6.290021272012279
215,-9.71316855990881,10.428322298527055,6.756020545449009,-7.213033605988415,-5.335956881628213
216,-10.538980765835422,11.060688137105346,7.190264954869795,-6.513626511152269,-6.207559260258605
217,-8.786538773105125,10.489399399445041,7.311045584432835,-7.111906236795967,-4.71005943302783
218,-8.997617944924265,10.865924306672914,6.901825225982801,-6.689053221516356,-5.5854265809720625
219,-9.446506745891472,10.255308430446002,7.766016717711744,-6.871349428022843,-5.959068859348082
220,-9.65873175265136,11.517021420063,6.816717233265321,-6.6082260414976295,-6.085141909402295
221,-10.414134710561171,9.94694317748841,7.679498830310938,-6.168872850100486,-5.670064573097374
222,-10.005048602684,9.947444809535492,7.38972618650429,-5.963638637047373,-5.434865653006604
223,-9.113173922836058,11.187716893206,7.491103910220634,-6.974458948370459,-5.939584616139865
224,-10.1538048303458,10.944134811461437,7.9830393662719334,-6.874287614777849,-5.164402510273417
225,-9.084033077641381,11.715194671227446,6.422832873566726,-6.587021806159933,-5.091660445903607
226,-9.408590962707237,10.777153546077441,7.387349118430321,-6.815345762234401,-5.544870609375128
227,-9.15149286394622,11.670485450502706,6.066758989551917,-7.062393583517725,-5.791836186459156
228,-9.515487003742624,11.155364413184135,7.482504833571918,-7.256194587459964,-6.266280298488652
229,-9.626717592132,11.506573087913218,7.383292629853318,-6.862868323783431,-5.620811139431922
230,-10.303597041317655,10.636541839419522,6.487734840472428,-6.684399040355484,-5.431368157737076
231,-9.34563876403484,11.419027847071948,7.245578191594106,-6.489584250651612,-4.762479272782422
232,-10.31523576849801,11.165677763704378,6.823851646340987,-6.897951239066157,-5.594638330722779
233,-9.9633994712985,10.091973443345049,7.472979584832399,-7.271287059760506,-6.177056559975636
234,-9.570672476051262,10.902721137159972,6.998885912606324,-6.488911276880434,-6.040700850724015
235,-10.496834945305329,11.981367971681317,6.625580343253672,-6.302735556844388,-5.80577380897103
236,-10.048469150550046,10.784056016144623,7.234900055683102,-6.366852857413825,-6.245456597264983
237,-9.133266783446762,10.676374252501292,7.181339155956982,-7.299269530868138,-6.58780517372654
238,-8.973632951662985,9.991461453131453,8.35561635779067,-6.358321718651292,-5.481420709836989
239,-10.28262692488511,10.28676233943787,7.538805803968324,-5.7476259995847805,-5.951656528564729
240,-6.06631763985083,-1.5412875898970417,-0.5833293711563432,-2.4371566585115043,-4.934745069242485
241,-4.996679778089016,-1.1359147514003758,-0.6819737328464316,-2.4265776602705387,-5.786800628486346
242,-5.327611900881735,-0.9376489930308887,-0.919461067955403,-2.260801818743558,-5.294429576260963
243,-5.198975008410482,-1.0762970996295407,-1.3838569251786448,-2.9728197703681887,-5.000418087058826
244,-5.321986843805369,-1.6808876355010884,-0.6240735948481755,-2.219073242843779,-5.0337208041914625
245,-5.854941375241184,-1.7118932903990096,0.004877525653528225,-2.7281148323343603,-4.584579515092355
246,-5.466235649105145,-0.9806905604607035,-0.20094169526694783,-3.0019933162190413,-5.017357748689638
247,-5.519324279772931,-1.152538361539973,-0.015769655190144338,-2.067888375584094,-4.767526594749884
248,-5.366138824653461,-2.763070610751992,-0.8395146082013866,-2.7583297540524274,-4.770532516825158
249,-5.38150398104797,-2.235128576698029,-0.10013999186349445,-2.9883587606740702,-4.827202481457692
250,-6.147076900675741,-1.4529959629856142,-0.7962280776225613,-2.3385387311099444,-4.5629960831610985
251,-6.270601857124267,-2.779236804573287,-0.0990481116167278,-2.7023172766742163,-4.422621641230046
252,-5.528032579466182,-1.9104135847110268,-0.7523511519840704,-1.834776618410836,-5.175901132760938
253,-7.013192073937721,-1.605430327653586,-0.16439562856501136,-2.5829650140977263,-5.233497707200261
254,-5.548943071503155,-1.7566426786131069,-0.049753964258122785,-2.4905136172157096,-4.765464363151434
255,-5.8614984856122,-2.0004836094786276,-0.3201853926748205,-2.027305738190861,-4.640367947819779
256,-5.602758296236432,-1.014485407961898,-0.7790048077940526,-2.2841404119104647,-5.694420445863845
257,-5.879432610342866,-1.721254464687431,0.7392155679099144,-3.1800686709220805,-4.360310253234581
258,-6.012507076513213,-1.0347750226901382,-0.9186890007964673,-1.9011369361916306,-5.900046476158533
259,-5.879602962207123,-1.2938494734613224,-0.6375029696831895,-2.58301454194952,-4.272160811312178
260,-5.83277542986724,-2.2318223669059094,-0.30066484761343787,-3.081446733070074,-4.907559366527995
261,-5.971230009240912,-1.4235766774476044,0.7821965831070861,-2.2295010196547533,-4.741804906520966
262,-5.3881822276350375,-2.3523383344761806,-1.1536888606325015,-2.5763210235174854,-5.122851064845362
263,-6.0257193885759905,-2.5265305062825467,0.3459414764068808,-2.001846071896385,-5.935852479747515
264,-5.279763579049398,-1.4901958902331738,0.2558149658994463,-2.635013482818019,-5.145631060343342
265,-5.287470487360327,-1.5951903008280401,-0.8848475908678523,-2.2755181147306103,-4.543287026890467
266,-4.446383875453949,-1.9014151930078877,-0.8634302729595227,-2.690175985757466,-5.45129173272818
267,-5.355188554543265,-2.313701846580012,-0.41244694012659444,-2.9587244704379048,-5.208280310555936
268,-6.5868697311234445,-1.6802589860319075,-0.1613433440089434,-3.058601976257456,-4.565169349834449
269,-6.07754108649055,-1.9991059144041097,0.5374676349430375,-2.623486386518295,-5.675991860443675
270,-7.542131407251494,-9.798232709060926,8.634522131537501,3.123233014307359,5.026817216270475
271,-7.3528239495454,-8.766841570360828,8.711198159030443,3.8444593809886234,5.3407695702867235
272,-8.215800923952031,-10.11291220680271,8.844870073638127,2.466780730982482,5.039645034238334
273,-7.897258456488366,-10.123677986864374,8.209392788190522,4.704232159125875,5.8309326083896735
274,-7.509973687088855,-8.675920627810845,7.822163357963125,3.8742044354854897,4.923526741058653
275,-7.585673692735687,-8.957632801714631,8.281587470780016,3.4589293669066636,5.399960853949308
276,-7.579832931496636,-9.798300209528046,9.497241137049164,3.3993696835584224,5.405195004209553
277,-7.588189146958986,-9.38146527089935,7.896422813651576,3.4175660995044264,5.1508897423124855
278,-8.524299531435677,-9.871977432054253,8.305263217558881,4.1017300179889205,5.956090860929851
279,-6.894549583402618,-9.461694166862396,8.188006394240984,4.179798079094853,5.022744659748844
280,-8.00540579582888,-9.962576249339172,7.678891051657089,3.8938947089734794,6.374697983443772
281,-6.543436207367923,-8.844227701535017,8.106803213614182,3.220329646067816,5.177640651885732
282,-7.822460361955291,-10.259317364022722,8.70819222172062,4.093626607538274,4.868100061971503
283,-7.270514850923135,-9.836136816382695,7.995050664190445,2.8704850907139883,6.277642976851352
284,-6.617837171358443,-9.486264005357778,7.94933117082594,2.9183486403510392,4.858269212910653
285,-7.0532565643809235,-10.340728868653887,8.47078600179535,4.360096501348898,5.7483056599497475
286,-7.407780241949217,-9.780729952238373,8.008877176511271,3.395757310021898,5.922606690831674
287,-7.260777027282345,-10.29122346092307,8.032940347394934,2.9784084872829326,6.048614234355493
288,-7.52129873472642,-10.292303357405798,7.977394376639894,3.3126346813969505,5.429601624564333
289,-7.181096669424947,-10.100590728275176,7.0889861788813615,3.7535883199518447,5.738944119768641
290,-7.454806845537734,-9.071842949070048,7.615914099699845,3.2300616901095207,5.894245380133853
291,-8.860841568649693,-9.506782875590988,8.189619588647805,4.023407601834665,6.272387477212601
292,-7.424936091058832,-9.308573503922817,7.530545068223615,3.7963458870629245,5.149659146584626
293,-7.994466852770148,-10.157383556477676,9.055699017069017,3.7007467338351114,5.26313270032302
294,-7.929440771404611,-9.701820602349695,7.552691578440964,3.9277946735661873,6.39614543136745
295,-7.388689437333607,-9.982911117198531,8.704397847645767,3.812479420203294,5.836061408411816
296,-7.747273168140136,-10.17288268716645,7.585350986216178,3.9553494893775376,5.999479625828611
297,-7.544920529083076,-10.01321459047136,8.231878919038579,4.011964616638897,5.2120409556801555
298,-7.699913486036599,-9.327182040587259,9.257689998061737,2.9119206117650855,5.010720927060278
299,-7.490997272676438,-9.731071838205732,8.821148300552624,3.4491511302083926,5.199460041569346
300,-6.812722131410155,-9.581134149453828,6.215034717628612,-0.48511036710838845,2.605760005991534
301,-6.852602703268284,-8.58325418172486,6.7874169819610515,-0.5875006881839522,3.3860046582658434
302,-6.9130711727352105,-8.596819093682685,6.59544985480418,0.1323224484394806,3.8455470530907285
303,-7.205778506601,-8.485824977304238,6.382389749061135,0.20986907698803164,3.3492719788533956
304,-5.59463106112548,-8.727120457132152,7.989106822789425,-0.5837236547167868,4.127327694541139
305,-5.957748653736196,-8.914112538042499,7.368097787862033,-0.22751790075121398,2.786547501648955
306,-6.825869667097024,-9.045495798077468,7.142301983355443,0.24689277669469178,3.5832918431983583
307,-7.881773722689755,-9.736770269976498,8.114101056435487,-0.5469814808218851,3.6611928657774246
308,-7.194122496206663,-8.004360899656264,7.663115553904872,0.061264987773542445,3.296350754238797
309,-6.189133699975343,-9.200843230710039,6.57431647503741,-0.8017212630109201,3.810662860111692
310,-6.885055458218669,-9.640405817647139,7.113753742590693,-0.3131905616435761,3.2246777136900757
311,-6.880889188412096,-9.111169698226682,7.0219451646126325,-0.054378929241997886,3.454965291169381
312,-6.77486552414487,-8.35801077483838,6.6832282691729255,-0.38430818135424355,3.073485855200952
313,-5.906972099728674,-9.147562417964062,7.572650240872433,0.35904427327882804,2.900316286586622
314,-6.934859888955594,-9.78618164128001,6.924956756025876,-0.4302588402176318,2.984036395537799
315,-6.874356901794107,-9.459799583625621,6.406426775018068,-0.018879053433043635,3.0717925857213633
316,-6.431836462581341,-9.256347573177825,7.020522194955191,-0.6570490559158894,3.3335944525489367
317,-5.882773143720046,-9.366475324186405,7.04378978367692,0.18896593092527142,3.5024315955642744
318,-7.236023853983092,-8.618754859847815,6.840255643873291,-0.9562465773831215,3.1724786663032414
319,-6.588167564741592,-8.490790438636903,6.643348204183572,-0.3464250032822411,3.203501493332533
320,-6.562498172322388,-9.254283698967857,7.259590107496316,-1.3876610883651093,2.3611189334005447
321,-6.4707262571419495,-10.262701610912302,6.105230070260208,0.952738787715629,2.8283799899790374
322,-6.452998318288668,-9.283034213571469,6.343009548079743,-0.215990461188697,2.620428878140305
323,-6.83747863930621,-9.675768437102597,7.413456670642899,0.17289612703357893,2.7982047555522245
324,-6.036193672619696,-9.442760369226283,7.05364034245845,-0.4971939000668264,3.220216618547602
325,-6.869232677560771,-9.683252379353174,6.581478477862785,0.23137377215444876,3.147753603996837
326,-6.225521363088099,-9.824805726106648,6.623938166746363,-0.0187863318885112,3.778265227873737
327,-5.768476555001884,-9.57201151017418,6.8168985144296785,-0.6888022430067483,2.8473937773738385
328,-6.813245198600786,-9.152809645599888,6.811931098403333,-0.30479310626633077,3.124605441692098
329,-6.80160835639486,-8.614608471228783,7.151447016566363,0.9309606904229097,2.8292699609063714
330,-8.412786845826103,-7.655579450555731,8.321376166400125,0.18553141359419079,4.03040307407314
331,-7.7426638874643325,-6.941858472379611,7.654145181829579,-0.43370980122883185,4.632946103170612
332,-7.028174587245954,-7.203652840572189,7.992975619603446,-0.8180842818908206,4.7821409806356545
333,-7.111490662910627,-6.752353258286147,7.503640245313073,0.07397265185223934,4.522554252713625
334,-7.008042624329543,-7.27834127910188,6.952434115747955,0.00870075217707078,4.194711359581792
335,-7.625872651678543,-7.296825896910304,7.653944834910332,-0.7516580295134763,5.44690109526546
336,-7.086339149452259,-7.039047236371794,7.515836694929494,0.26539544812483096,4.050759094134861
337,-7.897950919040038,-7.550475064329382,8.526169396436805,-1.6900971051692728,6.216451776843098
338,-7.52464529914507,-7.172716221308936,7.325112779388417,0.01059392225242528,4.214490085905851
339,-7.043039345182602,-7.141024960243056,7.811503349543252,-0.4794829607510966,4.90813872420277
340,-7.451444317660052,-6.21560308243265,7.379258054058184,-1.88740375955309,4.504575399073046
341,-7.8079874232510855,-7.259870552746776,8.112092473853245,-0.6190488632744562,4.4293845647498165
342,-7.426720935075699,-7.122483497922026,7.7717959791161215,-0.216855861600034,5.044321870289208
343,-8.168030252915155,-7.181172869925783,8.705207849593942,0.4933900749163911,4.96660306073348
344,-7.620361815857758,-7.243219605835213,8.193057561479675,-0.5056519325481742,5.124145826969723
345,-7.248459956740599,-6.9748421843059125,7.88374069047902,-0.7209292083335881,4.571940868186346
346,-8.445333736334717,-6.60047429586856,7.0077043558335586,-0.10598689600909639,5.210930078426893
347,-7.320645512243399,-8.153173284384007,7.567613449984385,-1.0161518741340445,4.337153710887543
348,-7.6551396590080225,-7.4886897061562,6.849300444663502,-0.24830487012115815,4.111205997143198
349,-7.47369965235624,-7.261998795530586,7.644691123306953,-0.06020363818691832,5.12134074107453
350,-7.2906080257450085,-7.4003845763222165,8.187427552106763,-0.7891697430579301,5.234139828806422
351,-7.587682745037858,-7.356702845943906,7.7746815941319305,-1.5631845209287447,4.37321505614262
352,-8.116550964823226,-7.458051561284929,7.286098015608427,-0.7297205133242928,4.493560367920231
353,-7.4275056671147155,-7.558863104627855,8.019702112454446,-1.194123101840256,4.701857362901363
354,-7.867299879292075,-7.2658472957871,7.9790309292611985,-1.0270617581407482,4.859608032245146
355,-7.38624665361658,-7.306295489309751,8.062808812756534,-1.4076980742141747,4.084193775558198
356,-7.020587932216342,-6.27347069019734,7.224175552625187,-0.3739103865616642,4.414922281623075
357,-7.668521889891968,-6.685759368874105,8.135728710991826,-2.0924543155120654,4.975527898277981
358,-7.181237483580958,-6.597490044247833,8.536792255246374,-0.9033440114690761,4.542966573140837
359,-7.6240419268676956,-5.930472743799119,7.087465185653819,-0.4953901674326383,4.8814240958958175
360,-5.237619171389581,9.895542170821443,3.1192916039231573,1.565595374383981,-7.6434986405162695
361,-3.6337457706017964,9.50811001787633,3.513826168924188,1.5358930386791154,-7.481583735030807
362,-3.8992573712027947,9.873740222587518,3.561900445879382,1.2488281728023662,-7.731258961864372
363,-4.302827570279357,10.2892072237668,4.20202850247069,2.0183278015464023,-7.164121748592256
364,-4.245318179053402,9.446387741112696,3.750153747755917,1.809188616838422,-8.372593517149788
365,-4.620259164079854,9.107881605162397,4.153658222315768,1.438715989864415,-7.9144445301506705
366,-3.798493398829841,9.709113820217793,3.835715757033666,1.961078040334803,-7.850873003695064
367,-4.215228401488344,9.076739427826093,4.1093329740599565,1.2790222760150243,-7.896487067165374
368,-4.30957814859494,9.351208951205322,4.465154568585266,1.6990014415519767,-7.631949929689951
369,-3.9245844171645037,9.008416596826445,4.258476695060028,1.497746915983087,-7.446946800874759
370,-4.490169802039954,9.565045999620832,2.8543828489053347,1.1882724937062878,-7.986828328551917
371,-3.555358691266879,8.923422956157273,2.229164723439481,1.6275538316276643,-6.881931518739938
372,-3.4611779134386107,8.958279617889879,3.005158168473674,1.6180094798690752,-7.756743258567356
373,-4.771616605706282,8.800953772708798,4.147865630362408,1.723833822299575,-8.23321288667412
374,-4.2403381497555115,9.41388579746037,3.8165161432793835,1.9481781915846341,-8.215752217350815
375,-4.191359193705486,9.676491009419628,3.4300948536327187,1.377592631237292,-7.474301534609794
376,-4.676625314800063,9.496299673744948,3.3664694789466694,1.198039921763626,-7.854446444853124
377,-3.6785271418517684,9.935523813437452,4.098013664203861,1.7548669286556804,-7.772378780648371
378,-4.631897949686185,9.42385239089731,2.792113467873001,1.6422759129372861,-7.781584371814253
379,-3.916492026382013,9.413523917842337,4.040514516891065,1.2635720581937204,-7.863583562531512
380,-4.644232304720299,9.907455989933032,4.207705870163173,0.7318491270663298,-8.163549498778472
381,-4.564746233723833,9.425970141328497,3.0659853396132863,1.1260001293900679,-8.020297546267695
382,-4.732862676490461,8.296666326319174,3.6434069200498094,2.7419367700572748,-7.389884965546353
383,-4.670519529823552,10.140550547924214,3.14421485491623,2.3569655358787984,-8.232497476819299
384,-3.6412313034488832,9.93198507931736,3.914644905120685,2.0707041784090308,-7.795447739119895
385,-3.616214812716486,9.682662863354143,3.49310270853387,1.939190357569472,-8.268960209347599
386,-4.497732188153501,9.654010591733691,3.3277108351587934,2.0961443929130525,-7.782083577036267
387,-3.997509104508095,9.830568235300143,4.269025755099333,2.9154590787063555,-7.585979125905982
388,-4.957615397252975,8.42974267914821,3.463652376604102,0.9252728462937375,-8.03625720831902
389,-4.04045556422176,9.526222279250582,3.871601976049708,1.2442497304450257,-9.00159568863358
390,-10.492925877470618,9.77615172885229,6.882187270406224,-5.256620649143929,-6.23786505597097
391,-10.627945108853707,8.418519973496283,7.76733968172096,-4.739306689768389,-7.434974836665511
392,-10.480027289563811,8.626075952440315,6.957659661722937,-4.978264947002753,-7.314372561342536
393,-10.53537534744253,8.825608105171092,6.401247785551796,-4.701115884378369,-6.423782594282571
394,-10.31788424869232,8.694189733972904,5.683285373515443,-3.6659944967928144,-7.165860084162099
395,-10.27828329756052,9.109175979143211,6.871174474590923,-3.655060675949871,-6.398766796286501
396,-10.32317991435262,8.813922856916253,6.3729228932638025,-4.008741785439309,-6.8736302886968295
397,-11.265450363563225,9.725991244309316,7.670740109399473,-4.448790397918973,-7.446801594177272
398,-10.105779001831701,8.693841700770822,7.57261029924242,-4.17173714438705,-7.367597686932585
399,-11.029817894304275,8.482706736314565,7.101135236655449,-3.840182575373077,-6.709969999026083
400,-10.303538806720256,9.025297998065595,7.622583802196672,-4.312282499444192,-7.501606774477869
401,-10.730533416925306,8.96453943672955,6.484112451561229,-4.593663266924176,-6.701877191646246
402,-10.72124254547094,8.704175171643442,7.578120308934202,-3.838175577705388,-7.0519575947884565
403,-10.645725538376421,8.939466014833778,7.2382191045509865,-3.48161484869223,-7.631613251318273
404,-10.957198239062894,8.637480818334902,6.662869255310652,-3.8839299315532925,-6.413346502142864
405,-10.704177068679918,8.524880134383725,5.850474976553753,-4.31438269026205,-7.066750544126019
406,-10.514053366182079,9.768992856783214,8.362952279732623,-4.614810834821348,-7.0152820590431
407,-10.720205794410617,9.718845727301812,6.969000240012939,-4.808984669294405,-6.333577527158861
408,-10.384014238155464,8.697592862577409,7.036771936479458,-4.8452261938757815,-6.3721335464049425
409,-10.111976012899666,9.097094358731212,7.476988493196039,-4.723013569754563,-6.665812348327227
410,-11.099412617460018,8.060187651392631,7.212294830682174,-4.452286832390525,-5.932064191283337
411,-10.75481001096561,9.07524601137775,7.929917601128844,-4.374989929004214,-7.739295666892943
412,-11.691665623582358,8.574718484398288,6.796272743381981,-3.663793640871029,-6.754934931171919
413,-11.062186000798881,8.977556137213249,6.4551930851564086,-3.5973256331447763,-6.743682156593029
414,-10.163718168615187,8.512238970201565,6.854692166218568,-4.583919384980375,-7.0963071693299336
415,-11.12577654909926,8.205959544766403,8.893686857913831,-5.021603074964283,-5.953886314408864
416,-11.114494202823233,8.225024210689327,7.2525709038700175,-4.719906776540208,-7.5972693005574765
417,-11.00084812121704,8.892096979891159,6.809608827019982,-3.898481513381992,-7.802149119180965
418,-10.81597857620264,9.491636621572294,7.702722279721613,-4.292312406703504,-6.695755331499017
419,-11.767300917034996,9.739464244152368,6.7437617637102925,-3.916856035981096,-7.624990051074031
420,-6.552007796375424,-3.510844695245324,0.6923914620959557,-3.941870989147063,-3.449488709283289
421,-6.849351010699762,-4.1101255371282726,0.9316356515048226,-3.692465975696148,-4.756635554458844
422,-6.6100401061184275,-4.145828711055091,0.03981429283158755,-4.170004494934065,-3.6220703945702275
423,-6.653796526602072,-3.636135875267162,-0.19476169871858273,-3.274173434657662,-4.076699687787849
424,-5.555637426466062,-6.057073047252197,1.0298398274861003,-4.452580299807068,-4.3768975956538
425,-6.385451838194612,-4.59353153219516,0.16173684666682742,-4.115446098200641,-4.349074126729819
426,-5.319560480570708,-5.187565220700065,0.7174907128778538,-4.409397462341882,-5.00841476451875
427,-6.222507029673185,-4.307118097597928,0.16310642851504076,-4.320515517178666,-4.315591910669723
428,-6.174328837550322,-3.6903332550896533,0.764695647984978,-5.1046606681195135,-3.8951732434393067
429,-6.095464341533503,-4.615206436060374,0.007735552844813531,-4.621950363000024,-4.334895344365028
430,-5.674274862564578,-3.616874781853612,1.11651367206733,-4.622920606170898,-4.8959369603491485
431,-6.36792503298953,-4.430689458136644,-0.5709023060439604,-3.8840805395294145,-4.851290760039771
432,-5.148500667403751,-4.780848256006055,1.2184829713299468,-4.167282109444826,-4.355996980692418
433,-5.865598900070608,-4.032954774466373,0.8450063445719654,-4.426499732041647,-4.302467978315865
434,-6.397496584941019,-4.574922533719068,0.6054634604189643,-4.462402457599105,-4.68817555555148
435,-6.841401854040662,-4.4197898999838765,0.9842466934014446,-4.21013099649838,-4.030864308245107
436,-6.272144105651972,-5.054896128981093,1.403162703445385,-4.307678955180403,-4.143630776985376
437,-6.425723312818382,-4.718355520286977,1.5708565040618665,-5.282674526621443,-4.258339026194569
438,-5.822386502518561,-3.6341125878570577,0.21707006381428395,-3.9936596988854354,-4.51742938094995
439,-6.0307755438542126,-5.007425679537696,0.6809001856497019,-5.064397787790981,-4.418086704726166
440,-5.260193083656972,-4.358700656641411,1.77767269617824,-3.378668306469927,-5.394100511428119
441,-6.036193769007496,-5.607947297403789,1.1215538135287835,-4.718875383751887,-5.1929461596901065
442,-6.515280807794961,-4.8066433231553445,0.587182680688729,-3.319544355014882,-4.119405567818801
443,-6.362958182835111,-3.8259694436850085,0.8143294682836892,-4.276593054291867,-4.9543553312747255
444,-6.199958282632099,-4.150606403305716,0.5411741245894496,-5.015195417185136,-4.163895273507029
445,-6.3711400178182505,-4.661863775475789,1.1699036039029438,-4.552650560239838,-3.8236165144887453
446,-6.528812180975412,-4.8821416694955175,0.6086667567044795,-4.248870988815944,-4.389961793848714
447,-5.971174263984159,-5.038440590595232,-0.22660564898307167,-3.704958439409003,-4.120835245564006
448,-6.56561171173407,-5.002695406066947,0.5098448079590123,-4.649571308333373,-4.760092519399303
449,-5.683238284508206,-4.0700973244016225,0.06853298257423734,-4.829010679169684,-5.4436464704134835
450,0.8323679333727299,9.380667451749947,2.652822046135397,3.960197913096305,-9.326627040404908
451,1.129142759261949,8.61538503425244,3.3773566251244556,3.472082705766971,-9.690113437175121
452,0.7857789114105765,9.717833753347636,3.106399927667502,3.044869046671415,-8.309430681567473
453,-0.5422441367043924,9.170755724334628,2.9175717089907836,3.2847482650730133,-8.65555146327989
454,-0.020306620262970643,9.711758184011098,1.9486366398825792,2.1242462592390146,-8.558574517933778
455,-0.9127645934154336,8.466451055039842,1.8924972394442934,2.674137193417794,-9.094401429558802
456,0.21952948864744484,8.821343713756397,2.915863063851443,3.3401289173198303,-9.61526617392893
457,0.44720821569052915,9.140365984791721,3.057310892602884,3.17348348112376,-8.996579776832759
458,0.6378653119841825,8.914731952565761,3.0745537122558386,2.705041512486096,-8.282863054359282
459,0.34472579898956607,8.852406536671687,3.826357526911605,3.612558681650471,-9.437290614051976
460,0.7481145212790898,8.889576047651632,3.6872735094601947,3.154924974983254,-8.321014917963392
461,0.0897964452541967,9.022354516997506,3.119888048506394,3.357697309853899,-8.332061229637816
462,0.701159564545075,9.462735865731315,2.941637172352383,3.5699887683793494,-9.18121511492826
463,1.0000887204781033,9.074566030389715,3.2404515330348236,2.28773363619424,-9.205027095196208
464,0.44412582498508824,9.282553204425648,3.578860003143916,3.6173667040861686,-8.178835574440447
465,0.6437645758371912,9.548434482329103,3.3219702715663533,3.874162215070165,-8.501460292403312
466,1.0080605926794954,7.613509308013427,2.844961142677084,3.516770288184569,-8.505527334473257
467,0.26546197157526735,9.171349075100393,3.0308351494080594,2.6983202237181283,-8.694691945422965
468,-0.21725523594767632,9.09876375723963,2.718619416408684,2.6967847701793968,-8.965087351736837
469,0.2497175534013295,9.105257359576385,3.321501369095103,3.3902699306920763,-9.134348830266292
470,0.5551586867998343,8.619648496769413,3.13061665755464,3.7970097365011,-8.72919059738908
471,-0.0611513643069978,8.560678803777195,2.44042853441545,3.431331936264969,-7.932867946369274
472,0.4270876031493348,9.146854906320499,3.776409775541948,2.5125412750089757,-8.658923249033354
473,0.16998139617277852,8.545517075768794,2.716789020230745,3.1936687298729334,-9.005010895901645
474,0.9229617484823287,8.444426165912349,2.8774003566256403,3.526621821023974,-9.443996581555886
475,-0.4358508487795053,8.603770241976758,2.684044730043658,2.6609641523700356,-8.948241550926333
476,-0.6221327180133555,9.280344345048471,3.227657668672874,3.363756035737273,-9.15160947033684
477,0.3320695647991484,9.301890655772699,2.7707256269912617,3.491526681863337,-8.09463022454885
478,-0.4293593453983824,8.928810356571738,2.855659704074378,3.1153900929845526,-8.385311935781646
479,0.9350981389079331,9.015976971005909,2.8458116516266916,1.942128946792785,-8.729299419196945
